IndicatorID,Year,YearRange,Quarter,Month,AgeID,SexID,AreaCode,Count,Value,ExpectedValue,LowerCI,UpperCI,Denominator,Denominator_2,ValueNoteID,categorytypeid,categoryid
90630,2006,1,-1,-1,199,4,E92000001,677140,34.93023136,-1,34.86314932,34.99737313,1938550,-1,0,3,1
90630,2007,1,-1,-1,199,4,E92000001,708205,36.47532963,-1,36.40764859,36.54306417,1941600,-1,0,3,1
90630,2008,1,-1,-1,199,4,E92000001,678110,34.54739052,-1,34.48089706,34.61394445,1962840,-1,0,3,1
90630,2009,1,-1,-1,199,4,E92000001,680685,33.73393366,-1,33.66872864,33.79920061,2017805,-1,0,3,1
90630,2010,1,-1,-1,199,4,E92000001,657810,32.23089474,-1,32.16680933,32.29504704,2040930,-1,0,3,1
90630,2011,1,-1,-1,199,4,E92000001,642040,31.22071721,-1,31.15741807,31.2840865,2056455,-1,0,3,1
90630,2006,1,-1,-1,199,4,E92000001,62595,8.474931965,-1,8.411631535,8.538664342,738590,-1,0,3,10
90630,2007,1,-1,-1,199,4,E92000001,64565,8.650767066,-1,8.5872038,8.714755979,746350,-1,0,3,10
90630,2008,1,-1,-1,199,4,E92000001,63760,8.501730081,-1,8.438819437,8.565065846,749965,-1,0,3,10
90630,2009,1,-1,-1,199,4,E92000001,69845,9.196181698,-1,9.131398889,9.261377268,759500,-1,0,3,10
90630,2010,1,-1,-1,199,4,E92000001,68295,8.942647637,-1,8.878854384,9.006853929,763700,-1,0,3,10
90630,2011,1,-1,-1,199,4,E92000001,66690,8.727972307,-1,8.664894741,8.791464858,764095,-1,0,3,10
90630,2006,1,-1,-1,199,4,E92000001,390145,25.35071703,-1,25.28204991,25.4195072,1538990,-1,0,3,2
90630,2007,1,-1,-1,199,4,E92000001,407565,26.4316195,-1,26.36207671,26.50127972,1541960,-1,0,3,2
90630,2008,1,-1,-1,199,4,E92000001,400020,25.7652708,-1,25.69653762,25.8341239,1552555,-1,0,3,2
90630,2009,1,-1,-1,199,4,E92000001,411305,25.98640358,-1,25.91813875,26.05478498,1582770,-1,0,3,2
90630,2010,1,-1,-1,199,4,E92000001,400605,25.22296483,-1,25.15548339,25.29056611,1588255,-1,0,3,2
90630,2011,1,-1,-1,199,4,E92000001,394930,24.8023312,-1,24.73531364,24.86947034,1592310,-1,0,3,2
90630,2006,1,-1,-1,199,4,E92000001,297615,23.78246851,-1,23.70795486,23.85714311,1251405,-1,0,3,3
90630,2007,1,-1,-1,199,4,E92000001,312900,24.87034277,-1,24.79488726,24.94595174,1258125,-1,0,3,3
90630,2008,1,-1,-1,199,4,E92000001,305835,24.04334855,-1,23.96916232,24.11769155,1272015,-1,0,3,3
90630,2009,1,-1,-1,199,4,E92000001,316465,24.28974384,-1,24.2161845,24.36345478,1302875,-1,0,3,3
90630,2010,1,-1,-1,199,4,E92000001,310365,23.5505913,-1,23.47822476,23.62311203,1317865,-1,0,3,3
90630,2011,1,-1,-1,199,4,E92000001,304825,22.98857076,-1,22.9170327,23.06026533,1325985,-1,0,3,3
90630,2006,1,-1,-1,199,4,E92000001,241375,20.85817736,-1,20.78424866,20.93229953,1157220,-1,0,3,4
90630,2007,1,-1,-1,199,4,E92000001,251395,21.55704284,-1,21.48250273,21.63177033,1166185,-1,0,3,4
90630,2008,1,-1,-1,199,4,E92000001,248250,21.13782372,-1,21.06407709,21.21175916,1174435,-1,0,3,4
90630,2009,1,-1,-1,199,4,E92000001,260515,21.75908525,-1,21.68526829,21.83308344,1197270,-1,0,3,4
90630,2010,1,-1,-1,199,4,E92000001,254425,21.05321953,-1,20.98062507,21.12599801,1208485,-1,0,3,4
90630,2011,1,-1,-1,199,4,E92000001,248845,20.50410544,-1,20.43237035,20.57602725,1213635,-1,0,3,4
90630,2006,1,-1,-1,199,4,E92000001,162410,17.70879334,-1,17.63080051,17.78705667,917115,-1,0,3,5
90630,2007,1,-1,-1,199,4,E92000001,169345,18.36026649,-1,18.28138658,18.43940996,922345,-1,0,3,5
90630,2008,1,-1,-1,199,4,E92000001,167550,18.07765136,-1,17.99943731,18.15613003,926835,-1,0,3,5
90630,2009,1,-1,-1,199,4,E92000001,177080,18.8018942,-1,18.72311045,18.88093246,941820,-1,0,3,5
90630,2010,1,-1,-1,199,4,E92000001,172900,18.28343018,-1,18.20565443,18.36146361,945665,-1,0,3,5
90630,2011,1,-1,-1,199,4,E92000001,169950,17.93109269,-1,17.85399315,18.00845219,947795,-1,0,3,5
90630,2006,1,-1,-1,199,4,E92000001,169205,16.44699113,-1,16.37548412,16.5187487,1028790,-1,0,3,6
90630,2007,1,-1,-1,199,4,E92000001,175645,16.91382515,-1,16.84184738,16.9860477,1038470,-1,0,3,6
90630,2008,1,-1,-1,199,4,E92000001,173980,16.65015815,-1,16.57885266,16.72170884,1044915,-1,0,3,6
90630,2009,1,-1,-1,199,4,E92000001,184155,17.29812746,-1,17.22639775,17.37009316,1064595,-1,0,3,6
90630,2010,1,-1,-1,199,4,E92000001,180240,16.77931073,-1,16.70876327,16.85009579,1074180,-1,0,3,6
90630,2011,1,-1,-1,199,4,E92000001,176615,16.38358071,-1,16.31383081,16.45357018,1078000,-1,0,3,6
90630,2006,1,-1,-1,199,4,E92000001,118700,13.65537155,-1,13.58334766,13.72771668,869255,-1,0,3,7
90630,2007,1,-1,-1,199,4,E92000001,123145,14.02466802,-1,13.95219486,14.09745595,878060,-1,0,3,7
90630,2008,1,-1,-1,199,4,E92000001,121710,13.7945495,-1,13.72275231,13.86666197,882305,-1,0,3,7
90630,2009,1,-1,-1,199,4,E92000001,129960,14.53536817,-1,14.46246343,14.60857765,894095,-1,0,3,7
90630,2010,1,-1,-1,199,4,E92000001,128280,14.26966417,-1,14.19751496,14.34211875,898970,-1,0,3,7
90630,2011,1,-1,-1,199,4,E92000001,125480,13.93440347,-1,13.8630313,14.00608335,900505,-1,0,3,7
90630,2006,1,-1,-1,199,4,E92000001,90505,11.62518866,-1,11.55417858,11.69657744,778525,-1,0,3,8
90630,2007,1,-1,-1,199,4,E92000001,93835,11.94475384,-1,11.87322313,12.01665673,785575,-1,0,3,8
90630,2008,1,-1,-1,199,4,E92000001,92195,11.72516851,-1,11.65424522,11.79646578,786300,-1,0,3,8
90630,2009,1,-1,-1,199,4,E92000001,100415,12.62391019,-1,12.55110474,12.69707664,795435,-1,0,3,8
90630,2010,1,-1,-1,199,4,E92000001,97400,12.2113287,-1,12.13965667,12.28336473,797620,-1,0,3,8
90630,2011,1,-1,-1,199,4,E92000001,95190,11.93949352,-1,11.8685016,12.01085221,797270,-1,0,3,8
90630,2006,1,-1,-1,199,4,E92000001,88670,10.65073121,-1,10.58464761,10.71717794,832525,-1,0,3,9
90630,2007,1,-1,-1,199,4,E92000001,91055,10.85221889,-1,10.78584467,10.91895158,839045,-1,0,3,9
90630,2008,1,-1,-1,199,4,E92000001,90565,10.75223498,-1,10.68625848,10.81856947,842290,-1,0,3,9
90630,2009,1,-1,-1,199,4,E92000001,98875,11.5804453,-1,11.51274396,11.64849235,853810,-1,0,3,9
90630,2010,1,-1,-1,199,4,E92000001,96975,11.27976969,-1,11.21307287,11.34681254,859725,-1,0,3,9
90630,2011,1,-1,-1,199,4,E92000001,94865,11.01218288,-1,10.94625173,11.07846173,861455,-1,0,3,9
90630,2006,1,-1,-1,199,4,E92000001,406700,37.94179522,-1,37.84997815,38.03369871,1071905,-1,0,2,1
90630,2007,1,-1,-1,199,4,E92000001,424705,39.61079841,-1,39.51825995,39.70341131,1072195,-1,0,2,1
90630,2008,1,-1,-1,199,4,E92000001,405195,37.36324028,-1,37.27223618,37.4543339,1084475,-1,0,2,1
90630,2009,1,-1,-1,199,4,E92000001,403555,36.18791838,-1,36.098777,36.27715492,1115165,-1,0,2,1
90630,2010,1,-1,-1,199,4,E92000001,388520,34.45884221,-1,34.37117519,34.54661513,1127490,-1,0,2,1
90630,2011,1,-1,-1,199,4,E92000001,377110,33.16900263,-1,33.08251592,33.25560306,1136935,-1,0,2,1
90630,2006,1,-1,-1,199,4,E92000001,148930,11.17971392,-1,11.12631474,11.23333699,1332145,-1,0,2,10
90630,2007,1,-1,-1,199,4,E92000001,153555,11.43637027,-1,11.38264962,11.49031159,1342690,-1,0,2,10
90630,2008,1,-1,-1,199,4,E92000001,151965,11.2508329,-1,11.19765339,11.30423283,1350700,-1,0,2,10
90630,2009,1,-1,-1,199,4,E92000001,165470,12.05627769,-1,12.001908,12.11085978,1372480,-1,0,2,10
90630,2010,1,-1,-1,199,4,E92000001,161855,11.70940449,-1,11.65590936,11.76311245,1382265,-1,0,2,10
90630,2011,1,-1,-1,199,4,E92000001,158145,11.40231659,-1,11.34952724,11.45531974,1386955,-1,0,2,10
90630,2006,1,-1,-1,199,4,E92000001,272155,31.86528194,-1,31.76654436,31.96418265,854080,-1,0,2,2
90630,2007,1,-1,-1,199,4,E92000001,285430,33.27485005,-1,33.17521045,33.37463945,857795,-1,0,2,2
90630,2008,1,-1,-1,199,4,E92000001,275575,31.72323685,-1,31.62544953,31.82118581,868685,-1,0,2,2
90630,2009,1,-1,-1,199,4,E92000001,279170,31.18782293,-1,31.09193473,31.28387259,895125,-1,0,2,2
90630,2010,1,-1,-1,199,4,E92000001,271260,29.87461385,-1,29.78055461,29.96884337,907995,-1,0,2,2
90630,2011,1,-1,-1,199,4,E92000001,267005,29.15410989,-1,29.06111981,29.24727484,915840,-1,0,2,2
90630,2006,1,-1,-1,199,4,E92000001,194275,25.72701751,-1,25.62854852,25.82573345,755140,-1,0,2,3
90630,2007,1,-1,-1,199,4,E92000001,202400,26.83424814,-1,26.73436949,26.93436275,754260,-1,0,2,3
90630,2008,1,-1,-1,199,4,E92000001,197060,26.03669131,-1,25.93794806,26.13567781,756855,-1,0,2,3
90630,2009,1,-1,-1,199,4,E92000001,202865,26.34524853,-1,26.24697756,26.44375551,770025,-1,0,2,3
90630,2010,1,-1,-1,199,4,E92000001,197715,25.64164084,-1,25.54429953,25.73922485,771070,-1,0,2,3
90630,2011,1,-1,-1,199,4,E92000001,194725,25.24011977,-1,25.14331216,25.33717395,771490,-1,0,2,3
90630,2006,1,-1,-1,199,4,E92000001,229760,24.27149082,-1,24.18523049,24.35795997,946625,-1,0,2,4
90630,2007,1,-1,-1,199,4,E92000001,241420,25.3847084,-1,25.29734027,25.47227538,951045,-1,0,2,4
90630,2008,1,-1,-1,199,4,E92000001,237990,24.76341104,-1,24.67721542,24.84980842,961055,-1,0,2,4
90630,2009,1,-1,-1,199,4,E92000001,245105,24.95621805,-1,24.87072905,25.04190296,982140,-1,0,2,4
90630,2010,1,-1,-1,199,4,E92000001,239455,24.22174905,-1,24.13739655,24.30630189,988595,-1,0,2,4
90630,2011,1,-1,-1,199,4,E92000001,235560,23.73257032,-1,23.64897475,23.81636922,992560,-1,0,2,4
90630,2006,1,-1,-1,199,4,E92000001,182475,24.40663684,-1,24.309405,24.50413168,747645,-1,0,2,5
90630,2007,1,-1,-1,199,4,E92000001,191260,25.44467652,-1,25.34633936,25.54326466,751670,-1,0,2,5
90630,2008,1,-1,-1,199,4,E92000001,186880,24.56216444,-1,24.46557044,24.6590153,760845,-1,0,2,5
90630,2009,1,-1,-1,199,4,E92000001,192985,24.75785449,-1,24.66216484,24.85379294,779490,-1,0,2,5
90630,2010,1,-1,-1,199,4,E92000001,189120,23.95273287,-1,23.8587193,24.0469999,789555,-1,0,2,5
90630,2011,1,-1,-1,199,4,E92000001,185385,23.31696151,-1,23.2241442,23.41003666,795065,-1,0,2,5
90630,2006,1,-1,-1,199,4,E92000001,218980,20.37430742,-1,20.29826592,20.45056069,1074785,-1,0,2,6
90630,2007,1,-1,-1,199,4,E92000001,227855,21.06443069,-1,20.98769041,21.14137649,1081705,-1,0,2,6
90630,2008,1,-1,-1,199,4,E92000001,222880,20.49716288,-1,20.42139236,20.57314185,1087370,-1,0,2,6
90630,2009,1,-1,-1,199,4,E92000001,229920,20.77846963,-1,20.70297582,20.85416633,1106530,-1,0,2,6
90630,2010,1,-1,-1,199,4,E92000001,222650,19.99757496,-1,19.9233825,20.07197446,1113385,-1,0,2,6
90630,2011,1,-1,-1,199,4,E92000001,218190,19.54056959,-1,19.46712888,19.61421987,1116600,-1,0,2,6
90630,2006,1,-1,-1,199,4,E92000001,260505,16.25124377,-1,16.19421418,16.30843512,1602985,-1,0,2,7
90630,2007,1,-1,-1,199,4,E92000001,271250,16.76157166,-1,16.7041013,16.81919983,1618285,-1,0,2,7
90630,2008,1,-1,-1,199,4,E92000001,268830,16.53783808,-1,16.48080446,16.59502985,1625545,-1,0,2,7
90630,2009,1,-1,-1,199,4,E92000001,286410,17.34194345,-1,17.28427709,17.39976174,1651545,-1,0,2,7
90630,2010,1,-1,-1,199,4,E92000001,281495,16.95477242,-1,16.89777177,17.01192598,1660270,-1,0,2,7
90630,2011,1,-1,-1,199,4,E92000001,277750,16.69827967,-1,16.64167791,16.75503525,1663345,-1,0,2,7
90630,2006,1,-1,-1,199,4,E92000001,177585,16.00275746,-1,15.93466136,16.07108894,1109715,-1,0,2,8
90630,2007,1,-1,-1,199,4,E92000001,185035,16.54099379,-1,16.47225627,16.60996111,1118645,-1,0,2,8
90630,2008,1,-1,-1,199,4,E92000001,183315,16.32470412,-1,16.25646076,16.39317788,1122930,-1,0,2,8
90630,2009,1,-1,-1,199,4,E92000001,195120,17.10363689,-1,17.03465161,17.17284371,1140810,-1,0,2,8
90630,2010,1,-1,-1,199,4,E92000001,190685,16.60556291,-1,16.53761151,16.67373774,1148320,-1,0,2,8
90630,2011,1,-1,-1,199,4,E92000001,186705,16.24157279,-1,16.17426194,16.30910926,1149550,-1,0,2,8
90630,2006,1,-1,-1,199,4,E92000001,207025,13.30537614,-1,13.2521013,13.35883216,1555950,-1,0,2,9
90630,2007,1,-1,-1,199,4,E92000001,214750,13.68283227,-1,13.62915535,13.73668696,1569485,-1,0,2,9
90630,2008,1,-1,-1,199,4,E92000001,212290,13.47056229,-1,13.41734841,13.52395426,1575955,-1,0,2,9
90630,2009,1,-1,-1,199,4,E92000001,228705,14.32396377,-1,14.26971167,14.37838755,1596660,-1,0,2,9
90630,2010,1,-1,-1,199,4,E92000001,224585,13.9802048,-1,13.92666554,14.03391633,1606450,-1,0,2,9
90630,2011,1,-1,-1,199,4,E92000001,218870,13.60142185,-1,13.5485433,13.65447419,1609170,-1,0,2,9
10101,2006,1,-1,-1,169,4,E92000001,612300,36.2028138,-1,36.13041679,36.27527349,1691305,-1,0,3,1
10101,2007,1,-1,-1,169,4,E92000001,628755,37.38261358,-1,37.30952444,37.45576035,1681945,-1,0,3,1
10101,2008,1,-1,-1,169,4,E92000001,593510,34.97201108,-1,34.90029799,35.0437922,1697100,-1,0,3,1
10101,2009,1,-1,-1,169,4,E92000001,591160,33.96475746,-1,33.89443516,34.03515053,1740510,-1,0,3,1
10101,2010,1,-1,-1,169,4,E92000001,567995,32.27345173,-1,32.20441869,32.34256215,1759945,-1,0,3,1
10101,2011,1,-1,-1,169,4,E92000001,555120,31.23547583,-1,31.16737914,31.30365364,1777210,-1,0,3,1
10101,2006,1,-1,-1,169,4,E92000001,57165,8.996199454,-1,8.926095861,9.066798812,635435,-1,0,3,10
10101,2007,1,-1,-1,169,4,E92000001,58085,9.090197735,-1,9.019958771,9.160928581,638985,-1,0,3,10
10101,2008,1,-1,-1,169,4,E92000001,57040,8.924911205,-1,8.855260301,8.99505588,639110,-1,0,3,10
10101,2009,1,-1,-1,169,4,E92000001,61870,9.573694391,-1,9.502198862,9.645670523,646250,-1,0,3,10
10101,2010,1,-1,-1,169,4,E92000001,60195,9.294874269,-1,9.224397948,9.365833489,647615,-1,0,3,10
10101,2011,1,-1,-1,169,4,E92000001,58825,9.067087973,-1,8.997459361,9.137201319,648775,-1,0,3,10
10101,2006,1,-1,-1,169,4,E92000001,354805,26.57347109,-1,26.49861335,26.64846363,1335185,-1,0,3,2
10101,2007,1,-1,-1,169,4,E92000001,363720,27.39195759,-1,27.31616882,27.46787716,1327835,-1,0,3,2
10101,2008,1,-1,-1,169,4,E92000001,352870,26.50776182,-1,26.43285158,26.58280765,1331195,-1,0,3,2
10101,2009,1,-1,-1,169,4,E92000001,359995,26.63906525,-1,26.56459828,26.71366504,1351380,-1,0,3,2
10101,2010,1,-1,-1,169,4,E92000001,349200,25.79406116,-1,25.72043288,25.86782681,1353800,-1,0,3,2
10101,2011,1,-1,-1,169,4,E92000001,344710,25.34399412,-1,25.27096194,25.41716557,1360125,-1,0,3,2
10101,2006,1,-1,-1,169,4,E92000001,271160,24.9048251,-1,24.82368218,24.98614511,1088785,-1,0,3,3
10101,2007,1,-1,-1,169,4,E92000001,280015,25.75715068,-1,25.6750344,25.83943828,1087135,-1,0,3,3
10101,2008,1,-1,-1,169,4,E92000001,270855,24.7172196,-1,24.6365426,24.79807387,1095815,-1,0,3,3
10101,2009,1,-1,-1,169,4,E92000001,278585,24.89566671,-1,24.81563583,24.97586994,1119010,-1,0,3,3
10101,2010,1,-1,-1,169,4,E92000001,271290,24.01402124,-1,23.93533932,24.09287987,1129715,-1,0,3,3
10101,2011,1,-1,-1,169,4,E92000001,266905,23.42175928,-1,23.34409151,23.49960623,1139560,-1,0,3,3
10101,2006,1,-1,-1,169,4,E92000001,219895,21.92602416,-1,21.84515631,22.00710707,1002895,-1,0,3,4
10101,2007,1,-1,-1,169,4,E92000001,225080,22.4226817,-1,22.34119776,22.5043767,1003805,-1,0,3,4
10101,2008,1,-1,-1,169,4,E92000001,219925,21.83138438,-1,21.75082258,21.91216101,1007380,-1,0,3,4
10101,2009,1,-1,-1,169,4,E92000001,229580,22.43131278,-1,22.35060375,22.51222875,1023480,-1,0,3,4
10101,2010,1,-1,-1,169,4,E92000001,223435,21.65833846,-1,21.57895746,21.73793054,1031635,-1,0,3,4
10101,2011,1,-1,-1,169,4,E92000001,218620,21.04634875,-1,20.96806493,21.12484672,1038755,-1,0,3,4
10101,2006,1,-1,-1,169,4,E92000001,147985,18.71522157,-1,18.62940523,18.80134188,790720,-1,0,3,5
10101,2007,1,-1,-1,169,4,E92000001,151985,19.23386,-1,19.14710783,19.32091129,790195,-1,0,3,5
10101,2008,1,-1,-1,169,4,E92000001,148630,18.80987636,-1,18.72386277,18.89619321,790170,-1,0,3,5
10101,2009,1,-1,-1,169,4,E92000001,155810,19.4719905,-1,19.3853742,19.55889991,800175,-1,0,3,5
10101,2010,1,-1,-1,169,4,E92000001,151405,18.88997018,-1,18.80442613,18.97581244,801510,-1,0,3,5
10101,2011,1,-1,-1,169,4,E92000001,148915,18.49439263,-1,18.40973972,18.57934615,805190,-1,0,3,5
10101,2006,1,-1,-1,169,4,E92000001,154280,17.44025683,-1,17.36132489,17.51947156,884620,-1,0,3,6
10101,2007,1,-1,-1,169,4,E92000001,157610,17.74597616,-1,17.66665826,17.82557308,888145,-1,0,3,6
10101,2008,1,-1,-1,169,4,E92000001,154550,17.36390039,-1,17.28534653,17.44273595,890065,-1,0,3,6
10101,2009,1,-1,-1,169,4,E92000001,162585,17.97363403,-1,17.89464385,18.05289621,904575,-1,0,3,6
10101,2010,1,-1,-1,169,4,E92000001,158210,17.37864824,-1,17.30094765,17.45662414,910370,-1,0,3,6
10101,2011,1,-1,-1,169,4,E92000001,155040,16.92317768,-1,16.84653642,17.00009633,916140,-1,0,3,6
10101,2006,1,-1,-1,169,4,E92000001,108370,14.47906368,-1,14.39952544,14.55896654,748460,-1,0,3,7
10101,2007,1,-1,-1,169,4,E92000001,110505,14.69559551,-1,14.61575006,14.77580167,751960,-1,0,3,7
10101,2008,1,-1,-1,169,4,E92000001,108405,14.41536682,-1,14.33616202,14.49493517,752010,-1,0,3,7
10101,2009,1,-1,-1,169,4,E92000001,115025,15.14562979,-1,15.06517986,15.22643232,759460,-1,0,3,7
10101,2010,1,-1,-1,169,4,E92000001,112925,14.82967379,-1,14.75002808,14.90967435,761480,-1,0,3,7
10101,2011,1,-1,-1,169,4,E92000001,110550,14.46298562,-1,14.38431384,14.54201458,764365,-1,0,3,7
10101,2006,1,-1,-1,169,4,E92000001,82460,12.31978247,-1,12.2412614,12.39873605,669330,-1,0,3,8
10101,2007,1,-1,-1,169,4,E92000001,83890,12.50680204,-1,12.42785294,12.58618059,670755,-1,0,3,8
10101,2008,1,-1,-1,169,4,E92000001,82090,12.27789411,-1,12.1994458,12.35677588,668600,-1,0,3,8
10101,2009,1,-1,-1,169,4,E92000001,88900,13.18130597,-1,13.10078056,13.2622508,674440,-1,0,3,8
10101,2010,1,-1,-1,169,4,E92000001,85980,12.76283074,-1,12.68336342,12.84272273,673675,-1,0,3,8
10101,2011,1,-1,-1,169,4,E92000001,83895,12.44372919,-1,12.36515254,12.52273381,674195,-1,0,3,8
10101,2006,1,-1,-1,169,4,E92000001,81190,11.31544288,-1,11.24235185,11.38894813,717515,-1,0,3,9
10101,2007,1,-1,-1,169,4,E92000001,82040,11.40664322,-1,11.33338202,11.48031667,719230,-1,0,3,9
10101,2008,1,-1,-1,169,4,E92000001,81075,11.27372593,-1,11.20083592,11.34702966,719150,-1,0,3,9
10101,2009,1,-1,-1,169,4,E92000001,87860,12.08411845,-1,12.00939812,12.15923942,727070,-1,0,3,9
10101,2010,1,-1,-1,169,4,E92000001,85690,11.75470003,-1,11.68096814,11.82883499,728985,-1,0,3,9
10101,2011,1,-1,-1,169,4,E92000001,83860,11.46450665,-1,11.39169853,11.53771951,731475,-1,0,3,9
10101,2006,1,-1,-1,169,4,E92000001,366905,39.24915223,-1,39.15020971,39.34818312,934810,-1,0,2,1
10101,2007,1,-1,-1,169,4,E92000001,375845,40.48963103,-1,40.38981236,40.58952841,928250,-1,0,2,1
10101,2008,1,-1,-1,169,4,E92000001,353430,37.69759157,-1,37.59954366,37.7957403,937540,-1,0,2,1
10101,2009,1,-1,-1,169,4,E92000001,349015,36.26638542,-1,36.1703866,36.36249387,962365,-1,0,2,1
10101,2010,1,-1,-1,169,4,E92000001,333835,34.30616429,-1,34.21190362,34.40054886,973105,-1,0,2,1
10101,2011,1,-1,-1,169,4,E92000001,324235,32.98473527,-1,32.89185864,33.07774489,982985,-1,0,2,1
10101,2006,1,-1,-1,169,4,E92000001,136195,11.85015357,-1,11.79119264,11.90936953,1149310,-1,0,2,10
10101,2007,1,-1,-1,169,4,E92000001,138250,12.00039929,-1,11.94118541,12.05986658,1152045,-1,0,2,10
10101,2008,1,-1,-1,169,4,E92000001,135950,11.78096674,-1,11.72227453,11.8399134,1153980,-1,0,2,10
10101,2009,1,-1,-1,169,4,E92000001,146895,12.55287512,-1,12.4929691,12.613027,1170210,-1,0,2,10
10101,2010,1,-1,-1,169,4,E92000001,142850,12.15677431,-1,12.09781255,12.21598349,1175065,-1,0,2,10
10101,2011,1,-1,-1,169,4,E92000001,139835,11.83783349,-1,11.77969983,11.89621535,1181255,-1,0,2,10
10101,2006,1,-1,-1,169,4,E92000001,246815,33.10486819,-1,32.99813576,33.21177472,745555,-1,0,2,2
10101,2007,1,-1,-1,169,4,E92000001,254535,34.2103141,-1,34.10259797,34.31819328,744030,-1,0,2,2
10101,2008,1,-1,-1,169,4,E92000001,242385,32.23526283,-1,32.12971383,32.34099333,751925,-1,0,2,2
10101,2009,1,-1,-1,169,4,E92000001,243800,31.54333327,-1,31.43982833,31.64702167,772905,-1,0,2,2
10101,2010,1,-1,-1,169,4,E92000001,235650,30.07811503,-1,29.97666487,30.17976055,783460,-1,0,2,2
10101,2011,1,-1,-1,169,4,E92000001,232350,29.33064033,-1,29.23048394,29.43099717,792175,-1,0,2,2
10101,2006,1,-1,-1,169,4,E92000001,176870,26.99604683,-1,26.88868543,27.10367799,655170,-1,0,2,3
10101,2007,1,-1,-1,169,4,E92000001,180720,27.83969683,-1,27.73079504,27.9488609,649145,-1,0,2,3
10101,2008,1,-1,-1,169,4,E92000001,173865,26.81219206,-1,26.70451105,26.92014779,648455,-1,0,2,3
10101,2009,1,-1,-1,169,4,E92000001,177650,27.05666441,-1,26.94934241,27.16425488,656585,-1,0,2,3
10101,2010,1,-1,-1,169,4,E92000001,172485,26.2822271,-1,26.17587324,26.38885861,656280,-1,0,2,3
10101,2011,1,-1,-1,169,4,E92000001,170125,25.8426881,-1,25.73707968,25.94857844,658310,-1,0,2,3
10101,2006,1,-1,-1,169,4,E92000001,209210,25.41994982,-1,25.32599648,25.51413261,823015,-1,0,2,4
10101,2007,1,-1,-1,169,4,E92000001,215995,26.31005165,-1,26.21491549,26.40540951,820960,-1,0,2,4
10101,2008,1,-1,-1,169,4,E92000001,210625,25.47410561,-1,25.38030239,25.56813673,826820,-1,0,2,4
10101,2009,1,-1,-1,169,4,E92000001,215195,25.56033305,-1,25.46726943,25.6536197,841910,-1,0,2,4
10101,2010,1,-1,-1,169,4,E92000001,209080,24.71365587,-1,24.6218557,24.80568566,846010,-1,0,2,4
10101,2011,1,-1,-1,169,4,E92000001,206075,24.21690924,-1,24.12600503,24.30804623,850955,-1,0,2,4
10101,2006,1,-1,-1,169,4,E92000001,166050,25.50319078,-1,25.39746087,25.60920975,651095,-1,0,2,5
10101,2007,1,-1,-1,169,4,E92000001,170760,26.26289036,-1,26.1560661,26.36999511,650195,-1,0,2,5
10101,2008,1,-1,-1,169,4,E92000001,164820,25.11083688,-1,25.00607349,25.21589159,656370,-1,0,2,5
10101,2009,1,-1,-1,169,4,E92000001,169195,25.23716476,-1,25.13332973,25.34128357,670420,-1,0,2,5
10101,2010,1,-1,-1,169,4,E92000001,164815,24.29770829,-1,24.19579075,24.39991695,678315,-1,0,2,5
10101,2011,1,-1,-1,169,4,E92000001,161745,23.61240876,-1,23.51198323,23.71313025,685000,-1,0,2,5
10101,2006,1,-1,-1,169,4,E92000001,198360,21.38940558,-1,21.30606766,21.47298053,927375,-1,0,2,6
10101,2007,1,-1,-1,169,4,E92000001,202825,21.87535389,-1,21.79132393,21.9596169,927185,-1,0,2,6
10101,2008,1,-1,-1,169,4,E92000001,196120,21.1253117,-1,21.04239667,21.2084657,928365,-1,0,2,6
10101,2009,1,-1,-1,169,4,E92000001,201140,21.35051508,-1,21.26788443,21.43337937,942085,-1,0,2,6
10101,2010,1,-1,-1,169,4,E92000001,193920,20.48032444,-1,20.39915918,20.56172922,946860,-1,0,2,6
10101,2011,1,-1,-1,169,4,E92000001,190075,19.95999076,-1,19.87983346,20.04039041,952280,-1,0,2,6
10101,2006,1,-1,-1,169,4,E92000001,237845,17.18539446,-1,17.12263429,17.24833678,1383995,-1,0,2,7
10101,2007,1,-1,-1,169,4,E92000001,243735,17.55585808,-1,17.49266428,17.61923141,1388340,-1,0,2,7
10101,2008,1,-1,-1,169,4,E92000001,239585,17.26875644,-1,17.20595238,17.33174176,1387390,-1,0,2,7
10101,2009,1,-1,-1,169,4,E92000001,253565,18.05954204,-1,17.99599983,18.12325903,1404050,-1,0,2,7
10101,2010,1,-1,-1,169,4,E92000001,247895,17.63128603,-1,17.56838337,17.69436556,1405995,-1,0,2,7
10101,2011,1,-1,-1,169,4,E92000001,244930,17.35147849,-1,17.28909597,17.4140387,1411580,-1,0,2,7
10101,2006,1,-1,-1,169,4,E92000001,161800,16.97609392,-1,16.90085712,17.05159693,953105,-1,0,2,8
10101,2007,1,-1,-1,169,4,E92000001,165730,17.34820452,-1,17.27240327,17.42426837,955315,-1,0,2,8
10101,2008,1,-1,-1,169,4,E92000001,162550,17.02165536,-1,16.94641106,17.09716497,954960,-1,0,2,8
10101,2009,1,-1,-1,169,4,E92000001,171900,17.76918664,-1,17.69314273,17.84548652,967405,-1,0,2,8
10101,2010,1,-1,-1,169,4,E92000001,167295,17.22231659,-1,17.14736097,17.29753146,971385,-1,0,2,8
10101,2011,1,-1,-1,169,4,E92000001,163905,16.81395957,-1,16.7398488,16.8883319,974815,-1,0,2,8
10101,2006,1,-1,-1,169,4,E92000001,189540,14.13607294,-1,14.07720559,14.19514579,1340825,-1,0,2,9
10101,2007,1,-1,-1,169,4,E92000001,193290,14.37592039,-1,14.31671912,14.43532522,1344540,-1,0,2,9
10101,2008,1,-1,-1,169,4,E92000001,189630,14.10145342,-1,14.0427324,14.16037954,1344755,-1,0,2,9
10101,2009,1,-1,-1,169,4,E92000001,203015,14.94455098,-1,14.88469614,15.00460408,1358455,-1,0,2,9
10101,2010,1,-1,-1,169,4,E92000001,198450,14.56909399,-1,14.50994743,14.6284404,1362130,-1,0,2,9
10101,2011,1,-1,-1,169,4,E92000001,193170,14.13642451,-1,14.0781106,14.19494006,1366470,-1,0,2,9
10401,2010,1,-1,-1,211,4,E92000001,4928.345155,1075.325358,-1,1045.510654,1105.774613,458312,-1,0,2,1
10401,2011,1,-1,-1,211,4,E92000001,4124.640512,903.1736483,-1,875.8185872,931.1658063,456683,-1,0,2,1
10401,2012,1,-1,-1,211,4,E92000001,3129.057317,684.1996972,-1,660.4343061,708.6017731,457331,-1,0,2,1
10401,2013,1,-1,-1,211,4,E92000001,2480.767788,547.5196623,-1,526.1839797,569.4984582,453092,-1,0,2,1
10401,2010,1,-1,-1,211,4,E92000001,4908.564787,778.8862932,-1,757.2475572,800.9865075,630203,-1,0,2,10
10401,2011,1,-1,-1,211,4,E92000001,3486.740188,554.8573429,-1,536.5914525,573.5864457,628403,-1,0,2,10
10401,2012,1,-1,-1,211,4,E92000001,2567.490531,411.0609063,-1,395.3129366,427.2753438,624601,-1,0,2,10
10401,2013,1,-1,-1,211,4,E92000001,2003.768357,324.5736412,-1,310.5161975,339.1034381,617354,-1,0,2,10
10401,2010,1,-1,-1,211,4,E92000001,3844.477346,1030.102742,-1,997.795277,1063.189937,373213,-1,0,2,2
10401,2011,1,-1,-1,211,4,E92000001,3396.218235,909.6046675,-1,879.2673987,940.7216013,373373,-1,0,2,2
10401,2012,1,-1,-1,211,4,E92000001,2566.343744,687.4122752,-1,661.0713061,714.5336628,373334,-1,0,2,2
10401,2013,1,-1,-1,211,4,E92000001,2053.853727,556.5757927,-1,532.7627449,581.1790028,369016,-1,0,2,2
10401,2010,1,-1,-1,211,4,E92000001,2875.90639,842.7292864,-1,812.2078124,874.1042143,341261,-1,0,2,3
10401,2011,1,-1,-1,211,4,E92000001,2464.677315,736.2938258,-1,707.5094348,765.9487282,334741,-1,0,2,3
10401,2012,1,-1,-1,211,4,E92000001,2105.210834,640.6177415,-1,613.5417454,668.5809462,328622,-1,0,2,3
10401,2013,1,-1,-1,211,4,E92000001,1696.179215,525.4387121,-1,500.7278505,551.0534973,322812,-1,0,2,3
10401,2010,1,-1,-1,211,4,E92000001,4061.935042,949.7670068,-1,920.7812511,979.4330959,427677,-1,0,2,4
10401,2011,1,-1,-1,211,4,E92000001,3108.338225,735.2784611,-1,709.6546402,761.5910728,422743,-1,0,2,4
10401,2012,1,-1,-1,211,4,E92000001,2368.544403,566.2743511,-1,543.6963392,589.5491296,418268,-1,0,2,4
10401,2013,1,-1,-1,211,4,E92000001,1901.863258,461.3037881,-1,440.8021777,482.512846,412280,-1,0,2,4
10401,2010,1,-1,-1,211,4,E92000001,3171.166634,941.1665679,-1,908.6914179,974.50586,336940,-1,0,2,5
10401,2011,1,-1,-1,211,4,E92000001,2686.417374,801.3463193,-1,771.3270222,832.2345912,335238,-1,0,2,5
10401,2012,1,-1,-1,211,4,E92000001,2129.653355,638.9445662,-1,612.0930513,666.6707799,333308,-1,0,2,5
10401,2013,1,-1,-1,211,4,E92000001,1639.181845,497.85628,-1,474.043916,522.5550215,329248,-1,0,2,5
10401,2010,1,-1,-1,211,4,E92000001,4731.75067,950.0534424,-1,923.1742576,977.516605,498051,-1,0,2,6
10401,2011,1,-1,-1,211,4,E92000001,3663.22814,745.0628454,-1,721.1286912,769.588953,491667,-1,0,2,6
10401,2012,1,-1,-1,211,4,E92000001,2797.548822,574.9163733,-1,553.8074848,596.6238544,486601,-1,0,2,6
10401,2013,1,-1,-1,211,4,E92000001,2124.144012,443.731776,-1,425.0601292,463.0124615,478700,-1,0,2,6
10401,2010,1,-1,-1,211,4,E92000001,6921.780505,900.9942888,-1,879.8921603,922.4746926,768238,-1,0,2,7
10401,2011,1,-1,-1,211,4,E92000001,5719.156211,752.0020684,-1,732.6373578,771.7490454,760524,-1,0,2,7
10401,2012,1,-1,-1,211,4,E92000001,4118.318617,547.6087011,-1,531.0102596,564.5940193,752055,-1,0,2,7
10401,2013,1,-1,-1,211,4,E92000001,3201.503206,433.6887287,-1,418.7946609,448.9772081,738203,-1,0,2,7
10401,2010,1,-1,-1,211,4,E92000001,4025.909998,756.4315022,-1,733.243853,780.165857,532224,-1,0,2,8
10401,2011,1,-1,-1,211,4,E92000001,3385.509892,641.9671181,-1,620.5225866,663.9636554,527365,-1,0,2,8
10401,2012,1,-1,-1,211,4,E92000001,2587.715065,495.8847506,-1,476.9607992,515.3670147,521838,-1,0,2,8
10401,2013,1,-1,-1,211,4,E92000001,1832.595998,358.168151,-1,341.9555615,374.9508637,511658,-1,0,2,8
10401,2010,1,-1,-1,211,4,E92000001,6587.751894,888.0765562,-1,866.7593083,909.7856008,741800,-1,0,2,9
10401,2011,1,-1,-1,211,4,E92000001,4712.278868,642.1363216,-1,623.9315869,660.737399,733844,-1,0,2,9
10401,2012,1,-1,-1,211,4,E92000001,3553.9811,489.5884211,-1,473.6231193,505.9546923,725912,-1,0,2,9
10401,2013,1,-1,-1,211,4,E92000001,2875.976284,402.7927217,-1,388.2047872,417.7885648,714009,-1,0,2,9
10602,2012,2,-1,-1,208,2,E92000001,7585,55.58812752,-1,-1,-1,13645,-1,0,2,1
10602,2012,2,-1,-1,208,2,E92000001,5465,60.08796042,-1,-1,-1,9095,-1,0,2,2
10602,2012,2,-1,-1,208,2,E92000001,5155,65.71064372,-1,-1,-1,7845,-1,0,2,3
10602,2012,2,-1,-1,208,2,E92000001,7295,58.75956504,-1,-1,-1,12415,-1,0,2,4
10602,2012,2,-1,-1,208,2,E92000001,6500,60.26889198,-1,-1,-1,10785,-1,0,2,5
10602,2012,2,-1,-1,208,2,E92000001,5735,44.18335901,-1,-1,-1,12980,-1,0,2,6
10602,2012,2,-1,-1,208,2,E92000001,8950,64.02002861,-1,-1,-1,13980,-1,0,2,7
10602,2012,2,-1,-1,208,2,E92000001,8780,69.51702296,-1,-1,-1,12630,-1,0,2,8
10602,2012,2,-1,-1,208,2,E92000001,14805,64.8346836,-1,-1,-1,22835,-1,0,2,9
10602,2012,2,-1,-1,208,2,E92000001,5460,57.77777778,-1,-1,-1,9450,-1,0,2,10
10602,2012,2,-1,-1,208,1,E92000001,9630,55.89088799,-1,-1,-1,17230,-1,0,2,1
10602,2012,2,-1,-1,208,1,E92000001,6570,56.20188195,-1,-1,-1,11690,-1,0,2,2
10602,2012,2,-1,-1,208,1,E92000001,5850,62.4,-1,-1,-1,9375,-1,0,2,3
10602,2012,2,-1,-1,208,1,E92000001,7965,57.7173913,-1,-1,-1,13800,-1,0,2,4
10602,2012,2,-1,-1,208,1,E92000001,6880,57.93684211,-1,-1,-1,11875,-1,0,2,5
10602,2012,2,-1,-1,208,1,E92000001,6025,43.9460248,-1,-1,-1,13710,-1,0,2,6
10602,2012,2,-1,-1,208,1,E92000001,8775,59.75485189,-1,-1,-1,14685,-1,0,2,7
10602,2012,2,-1,-1,208,1,E92000001,8065,63.95717684,-1,-1,-1,12610,-1,0,2,8
10602,2012,2,-1,-1,208,1,E92000001,13405,64.82108317,-1,-1,-1,20680,-1,0,2,9
10602,2012,2,-1,-1,208,1,E92000001,5070,54.75161987,-1,-1,-1,9260,-1,0,2,10
90356,2012,1,-1,-1,1,4,E92000001,476539,13.84148283,-1,13.8050452,13.87800114,3442832,-1,0,3,1
90356,2012,1,-1,-1,1,4,E92000001,337635,11.00010067,-1,10.96514562,11.03515334,3069381,-1,0,3,2
90356,2012,1,-1,-1,1,4,E92000001,288433,11.00591901,-1,10.96808547,11.04386687,2620708,-1,0,3,3
90356,2012,1,-1,-1,1,4,E92000001,244368,10.16947883,-1,10.13132724,10.20775777,2402955,-1,0,3,4
90356,2012,1,-1,-1,1,4,E92000001,187533,10.33417315,-1,10.28996782,10.37854641,1814688,-1,0,3,5
90356,2012,1,-1,-1,1,4,E92000001,196613,9.564996568,-1,9.524865711,9.605278556,2055547,-1,0,3,6
90356,2012,1,-1,-1,1,4,E92000001,163530,9.064815677,-1,9.023006628,9.106799061,1804008,-1,0,3,7
90356,2012,1,-1,-1,1,4,E92000001,153662,9.426659689,-1,9.381899015,9.471611594,1630079,-1,0,3,8
90356,2012,1,-1,-1,1,4,E92000001,127592,7.676900167,-1,7.636523794,7.717472183,1662025,-1,0,3,9
90356,2012,1,-1,-1,1,4,E92000001,106674,7.444020164,-1,7.401157893,7.487110593,1433016,-1,0,3,10
90356,2012,1,-1,-1,1,4,E92000001,271669,14.31675415,-1,14.26699298,14.36665979,1897560,-1,0,2,1
90356,2012,1,-1,-1,1,4,E92000001,198064,13.16502611,-1,13.11109271,13.21914762,1504471,-1,0,2,2
90356,2012,1,-1,-1,1,4,E92000001,161851,10.99525274,-1,10.94481834,11.04589072,1472008,-1,0,2,3
90356,2012,1,-1,-1,1,4,E92000001,209611,10.62862805,-1,10.58568995,10.67171952,1972136,-1,0,2,4
90356,2012,1,-1,-1,1,4,E92000001,176106,11.2893672,-1,11.23980116,11.3391239,1559928,-1,0,2,5
90356,2012,1,-1,-1,1,4,E92000001,216724,9.986089218,-1,9.946271779,10.02604831,2170259,-1,0,2,6
90356,2012,1,-1,-1,1,4,E92000001,353726,10.63744496,-1,10.60435216,10.67062871,3325291,-1,0,2,7
90356,2012,1,-1,-1,1,4,E92000001,222389,10.13557919,-1,10.09571578,10.17558219,2194142,-1,0,2,8
90356,2012,1,-1,-1,1,4,E92000001,273778,8.438944203,-1,8.408745695,8.469241135,3244221,-1,0,2,9
90356,2012,1,-1,-1,1,4,E92000001,198661,7.654872048,-1,7.622587489,7.687281965,2595223,-1,0,2,10
90288,2013,1,-1,-1,156,2,E92000001,19968,3017.362528,-1,2975.654582,3059.508879,661770,-1,0,3,1
90288,2013,1,-1,-1,156,2,E92000001,2911,1546.923159,-1,1491.233257,1604.160725,188180,-1,0,3,10
90288,2013,1,-1,-1,156,2,E92000001,15461,3068.237068,-1,3020.061725,3116.988348,503905,-1,0,3,2
90288,2013,1,-1,-1,156,2,E92000001,12116,2803.260445,-1,2753.564818,2853.627778,432211,-1,0,3,3
90288,2013,1,-1,-1,156,2,E92000001,10403,2947.643415,-1,2891.269547,3004.840089,352926,-1,0,3,4
90288,2013,1,-1,-1,156,2,E92000001,6894,2597.206891,-1,2536.25616,2659.252441,265439,-1,0,3,5
90288,2013,1,-1,-1,156,2,E92000001,6923,2289.669862,-1,2236.048349,2344.252504,302358,-1,0,3,6
90288,2013,1,-1,-1,156,2,E92000001,5342,2280.966187,-1,2220.204824,2342.96909,234199,-1,0,3,7
90288,2013,1,-1,-1,156,2,E92000001,4514,1947.292814,-1,1890.895831,2004.944643,231809,-1,0,3,8
90288,2013,1,-1,-1,156,2,E92000001,4714,2181.952834,-1,2120.105107,2245.146824,216045,-1,0,3,9
90288,2013,1,-1,-1,156,2,E92000001,11118,2905.853787,-1,2852.087455,2960.379013,382607,-1,0,2,1
90288,2013,1,-1,-1,156,2,E92000001,7235,1930.979899,-1,1845.187182,2019.732157,370442,-1,0,2,10
90288,2013,1,-1,-1,156,2,E92000001,8928,3208.76372,-1,3142.545424,3276.025962,278238,-1,0,2,2
90288,2013,1,-1,-1,156,2,E92000001,7975,3335.382659,-1,3262.576594,3409.403788,239103,-1,0,2,3
90288,2013,1,-1,-1,156,2,E92000001,9914,2947.49861,-1,2889.760734,3006.099902,336353,-1,0,2,4
90288,2013,1,-1,-1,156,2,E92000001,6823,2668.549213,-1,2605.601162,2732.633888,255682,-1,0,2,5
90288,2013,1,-1,-1,156,2,E92000001,8897,2939.734089,-1,2861.807221,3019.245312,315453,-1,0,2,6
90288,2013,1,-1,-1,156,2,E92000001,11794,2683.713978,-1,2585.549678,2784.651184,459715,-1,0,2,7
90288,2013,1,-1,-1,156,2,E92000001,6965,2284.916062,-1,2211.523837,2360.123271,310811,-1,0,2,8
90288,2013,1,-1,-1,156,2,E92000001,9597,2380.226333,-1,2293.024913,2469.894987,440438,-1,0,2,9
90288,2013,1,-1,-1,156,1,E92000001,11042,1662.265872,-1,1631.404182,1693.564673,664274,-1,0,3,1
90288,2013,1,-1,-1,156,1,E92000001,1743,859.6327696,-1,819.7453238,900.9591785,202761,-1,0,3,10
90288,2013,1,-1,-1,156,1,E92000001,8742,1687.071574,-1,1651.889475,1722.814248,518176,-1,0,3,2
90288,2013,1,-1,-1,156,1,E92000001,6489,1454.658764,-1,1419.478281,1490.490791,446084,-1,0,3,3
90288,2013,1,-1,-1,156,1,E92000001,5665,1566.249737,-1,1525.72636,1607.576917,361692,-1,0,3,4
90288,2013,1,-1,-1,156,1,E92000001,3652,1315.291889,-1,1272.975508,1358.656493,277657,-1,0,3,5
90288,2013,1,-1,-1,156,1,E92000001,3596,1135.179842,-1,1098.377175,1172.901319,316778,-1,0,3,6
90288,2013,1,-1,-1,156,1,E92000001,2873,1147.795099,-1,1106.204102,1190.549678,250306,-1,0,3,7
90288,2013,1,-1,-1,156,1,E92000001,2619,1038.144579,-1,998.7619686,1078.682021,252277,-1,0,3,8
90288,2013,1,-1,-1,156,1,E92000001,2404,1049.735819,-1,1008.188328,1092.555834,229010,-1,0,3,9
90288,2013,1,-1,-1,156,1,E92000001,6043,1571.373593,-1,1532.00161,1611.501458,384568,-1,0,2,1
90288,2013,1,-1,-1,156,1,E92000001,4057,940.7601497,-1,882.5693608,1001.779505,388601,-1,0,2,10
90288,2013,1,-1,-1,156,1,E92000001,5022,1789.717145,-1,1740.556728,1839.913934,280603,-1,0,2,2
90288,2013,1,-1,-1,156,1,E92000001,4577,1858.604727,-1,1805.145361,1913.245261,246260,-1,0,2,3
90288,2013,1,-1,-1,156,1,E92000001,5471,1604.822387,-1,1562.57609,1647.921554,340910,-1,0,2,4
90288,2013,1,-1,-1,156,1,E92000001,3557,1324.915261,-1,1281.72844,1369.186254,268470,-1,0,2,5
90288,2013,1,-1,-1,156,1,E92000001,4820,1552.751827,-1,1496.766266,1610.295718,324032,-1,0,2,6
90288,2013,1,-1,-1,156,1,E92000001,6212,1349.449012,-1,1282.125076,1419.390633,481426,-1,0,2,7
90288,2013,1,-1,-1,156,1,E92000001,3583,1119.602026,-1,1069.399959,1171.552341,330013,-1,0,2,8
90288,2013,1,-1,-1,156,1,E92000001,5483,1229.258273,-1,1168.466624,1292.392254,474132,-1,0,2,9
90288,2013,1,-1,-1,156,4,E92000001,31315,2361.535515,-1,2335.451307,2387.838406,1326044,-1,0,3,1
90288,2013,1,-1,-1,156,4,E92000001,4664,1193.018895,-1,1159.02314,1227.758653,390941,-1,0,3,10
90288,2013,1,-1,-1,156,4,E92000001,24380,2385.329538,-1,2355.480387,2415.462481,1022081,-1,0,3,2
90288,2013,1,-1,-1,156,4,E92000001,18698,2128.897466,-1,2098.491006,2159.634278,878295,-1,0,3,3
90288,2013,1,-1,-1,156,4,E92000001,16300,2280.938907,-1,2246.055504,2316.228397,714618,-1,0,3,4
90288,2013,1,-1,-1,156,4,E92000001,10574,1946.985432,-1,1910.050093,1984.455448,543096,-1,0,3,5
90288,2013,1,-1,-1,156,4,E92000001,10738,1734.352388,-1,1701.701842,1767.471933,619136,-1,0,3,6
90288,2013,1,-1,-1,156,4,E92000001,8252,1703.181598,-1,1666.629801,1740.332989,484505,-1,0,3,7
90288,2013,1,-1,-1,156,4,E92000001,7164,1479.902331,-1,1445.829217,1514.575722,484086,-1,0,3,8
90288,2013,1,-1,-1,156,4,E92000001,7152,1606.992394,-1,1569.962324,1644.675387,445055,-1,0,3,9
90288,2013,1,-1,-1,156,4,E92000001,17250,2248.509141,-1,2215.078454,2282.318066,767175,-1,0,2,1
90288,2013,1,-1,-1,156,4,E92000001,11519,1517.568833,-1,1489.980452,1545.539725,759043,-1,0,2,10
90288,2013,1,-1,-1,156,4,E92000001,14168,2535.247056,-1,2493.670849,2577.342646,558841,-1,0,2,2
90288,2013,1,-1,-1,156,4,E92000001,12689,2614.331954,-1,2569.039562,2660.222452,485363,-1,0,2,3
90288,2013,1,-1,-1,156,4,E92000001,15460,2282.717349,-1,2246.87454,2318.988673,677263,-1,0,2,4
90288,2013,1,-1,-1,156,4,E92000001,10417,1987.400601,-1,1949.416866,2025.938353,524152,-1,0,2,5
90288,2013,1,-1,-1,156,4,E92000001,13742,2148.916706,-1,2113.136227,2185.15109,639485,-1,0,2,6
90288,2013,1,-1,-1,156,4,E92000001,18071,1920.116114,-1,1892.221617,1948.318916,941141,-1,0,2,7
90288,2013,1,-1,-1,156,4,E92000001,10599,1653.964271,-1,1622.624549,1685.757129,640824,-1,0,2,8
90288,2013,1,-1,-1,156,4,E92000001,15322,1675.322829,-1,1648.899485,1702.063504,914570,-1,0,2,9
91099,2013,2,-1,-1,219,4,E92000001,240233,21.00908461,-1,20.93451528,21.08384873,1143472,-1,0,2,1
91099,2013,2,-1,-1,219,4,E92000001,194871,20.70734226,-1,20.6255937,20.78932997,941072,-1,0,2,2
91099,2013,2,-1,-1,219,4,E92000001,169790,17.06133802,-1,16.98755853,17.1353718,995174,-1,0,2,3
91099,2013,2,-1,-1,219,4,E92000001,233960,18.20145139,-1,18.1348418,18.26825103,1285392,-1,0,2,4
91099,2013,2,-1,-1,219,4,E92000001,226613,22.24933138,-1,22.16866155,22.33021054,1018516,-1,0,2,5
91099,2013,2,-1,-1,219,4,E92000001,240282,15.62845333,-1,15.57114059,15.68593783,1537465,-1,0,2,6
91099,2013,2,-1,-1,219,4,E92000001,442668,18.22207678,-1,18.17358423,18.27066983,2429295,-1,0,2,7
91099,2013,2,-1,-1,219,4,E92000001,316728,19.32846391,-1,19.26807664,19.38899498,1638661,-1,0,2,8
91099,2013,2,-1,-1,219,4,E92000001,440912,18.41593827,-1,18.36689041,18.46508748,2394187,-1,0,2,9
91099,2013,2,-1,-1,219,4,E92000001,318669,16.55605708,-1,16.50361499,16.60863267,1924788,-1,0,2,10
91100,2013,2,-1,-1,219,4,E92000001,124783,51.94248917,-1,51.74266969,52.14224652,240233,-1,0,2,1
91100,2013,2,-1,-1,219,4,E92000001,102427,52.56143808,-1,52.3396856,52.78308958,194871,-1,0,2,2
91100,2013,2,-1,-1,219,4,E92000001,95776,56.40850462,-1,56.17249633,56.64422294,169790,-1,0,2,3
91100,2013,2,-1,-1,219,4,E92000001,119670,51.14976919,-1,50.94720189,51.35229874,233960,-1,0,2,4
91100,2013,2,-1,-1,219,4,E92000001,97317,42.94413824,-1,42.74045786,43.14805784,226613,-1,0,2,5
91100,2013,2,-1,-1,219,4,E92000001,125751,52.33475666,-1,52.13501844,52.53442023,240282,-1,0,2,6
91100,2013,2,-1,-1,219,4,E92000001,227111,51.30504125,-1,51.15778879,51.45227106,442668,-1,0,2,7
91100,2013,2,-1,-1,219,4,E92000001,144916,45.75408552,-1,45.58063653,45.92763751,316728,-1,0,2,8
91100,2013,2,-1,-1,219,4,E92000001,203754,46.21194252,-1,46.06481535,46.3591357,440912,-1,0,2,9
91100,2013,2,-1,-1,219,4,E92000001,141359,44.35919402,-1,44.18677194,44.5317521,318669,-1,0,2,10
91101,2013,2,-1,-1,219,4,E92000001,124783,10.9126415,-1,10.8556238,10.96992182,1143472,-1,0,2,1
91101,2013,2,-1,-1,219,4,E92000001,102427,10.88407688,-1,10.82131338,10.94715973,941072,-1,0,2,2
91101,2013,2,-1,-1,219,4,E92000001,95776,9.624045644,-1,9.566258015,9.682144982,995174,-1,0,2,3
91101,2013,2,-1,-1,219,4,E92000001,119670,9.310000373,-1,9.259889399,9.360354555,1285392,-1,0,2,4
91101,2013,2,-1,-1,219,4,E92000001,97317,9.554783626,-1,9.497845108,9.612027232,1018516,-1,0,2,5
91101,2013,2,-1,-1,219,4,E92000001,125751,8.17911302,-1,8.135899349,8.222535676,1537465,-1,0,2,6
91101,2013,2,-1,-1,219,4,E92000001,227111,9.348844006,-1,9.312300464,9.385516112,2429295,-1,0,2,7
91101,2013,2,-1,-1,219,4,E92000001,144916,8.843561908,-1,8.800186214,8.887130565,1638661,-1,0,2,8
91101,2013,2,-1,-1,219,4,E92000001,203754,8.510362808,-1,8.475084257,8.545774498,2394187,-1,0,2,9
91101,2013,2,-1,-1,219,4,E92000001,141359,7.344133484,-1,7.307366357,7.381070874,1924788,-1,0,2,10
